{
  "global": {
    "mu_global": {
      "mean": [
        -0.3140665590763092,
        0.6143445372581482,
        -0.20590703189373016,
        -0.47182655334472656
      ],
      "ci95_lo": [
        -0.6169378161430359,
        0.34359753131866455,
        -0.5188453197479248,
        -0.7598862648010254
      ],
      "ci95_hi": [
        -0.004554888233542442,
        0.8739312291145325,
        0.09536660462617874,
        -0.17845840752124786
      ]
    },
    "sigma_global": {
      "mean": [
        0.2272619605064392,
        0.2295609563589096,
        0.24568915367126465,
        0.2426711916923523
      ],
      "ci95_lo": [
        0.09604758024215698,
        0.09466544538736343,
        0.10110227763652802,
        0.10853073745965958
      ],
      "ci95_hi": [
        0.4519919753074646,
        0.45658084750175476,
        0.504824161529541,
        0.4717812240123749
      ]
    }
  },
  "domains": {
    "corporate": {
      "mu_d": {
        "mean": [
          -0.2898387312889099,
          0.5935066938400269,
          -0.20276598632335663,
          -0.4443195164203644
        ],
        "ci95_lo": [
          -0.7218751311302185,
          0.2185720056295395,
          -0.6055919528007507,
          -0.8539554476737976
        ],
        "ci95_hi": [
          0.19862504303455353,
          0.9402787089347839,
          0.15442845225334167,
          -0.06644794344902039
        ]
      },
      "sigma_d": {
        "mean": [
          0.4182193875312805,
          0.43401777744293213,
          0.4118362367153168,
          0.41357752680778503
        ],
        "ci95_lo": [
          0.21234804391860962,
          0.22545090317726135,
          0.20392665266990662,
          0.19873470067977905
        ],
        "ci95_hi": [
          0.7455859184265137,
          0.7098312973976135,
          0.748696506023407,
          0.7456746697425842
        ]
      },
      "delta_d": {
        "mean": -0.19776394963264465,
        "ci95_lo": -0.6306429505348206,
        "ci95_hi": 0.2647137939929962
      }
    },
    "financial": {
      "mu_d": {
        "mean": [
          -0.31176021695137024,
          0.5295789837837219,
          -0.17507246136665344,
          -0.4415276050567627
        ],
        "ci95_lo": [
          -0.7395139932632446,
          0.14698494970798492,
          -0.5580838322639465,
          -0.8042050004005432
        ],
        "ci95_hi": [
          0.10702390968799591,
          0.9076763987541199,
          0.22515513002872467,
          -0.06713192164897919
        ]
      },
      "sigma_d": {
        "mean": [
          0.4756971597671509,
          0.5064142346382141,
          0.4620632529258728,
          0.48869380354881287
        ],
        "ci95_lo": [
          0.28914159536361694,
          0.29864421486854553,
          0.26825979351997375,
          0.3132059872150421
        ],
        "ci95_hi": [
          0.7404305934906006,
          0.7840985059738159,
          0.7186159491539001,
          0.7116544246673584
        ]
      },
      "delta_d": {
        "mean": -0.4992123246192932,
        "ci95_lo": -0.8730230927467346,
        "ci95_hi": -0.11656539887189865
      }
    },
    "political": {
      "mu_d": {
        "mean": [
          -0.32361847162246704,
          0.577669084072113,
          -0.19066648185253143,
          -0.4620872735977173
        ],
        "ci95_lo": [
          -0.6987992525100708,
          0.18801112473011017,
          -0.5869695544242859,
          -0.8075923323631287
        ],
        "ci95_hi": [
          0.08860132098197937,
          0.9644759893417358,
          0.222730353474617,
          -0.11205439269542694
        ]
      },
      "sigma_d": {
        "mean": [
          0.5003540515899658,
          0.5037837624549866,
          0.4723312258720398,
          0.5161194205284119
        ],
        "ci95_lo": [
          0.32663676142692566,
          0.3292328417301178,
          0.303953617811203,
          0.33968454599380493
        ],
        "ci95_hi": [
          0.7319455146789551,
          0.7249618768692017,
          0.6853494644165039,
          0.7532062530517578
        ]
      },
      "delta_d": {
        "mean": 0.0729203000664711,
        "ci95_lo": -0.22500266134738922,
        "ci95_hi": 0.3538794219493866
      }
    },
    "public_health": {
      "mu_d": {
        "mean": [
          -0.3150792121887207,
          0.5874710083007812,
          -0.2039196938276291,
          -0.44452622532844543
        ],
        "ci95_lo": [
          -0.7394368052482605,
          0.15962788462638855,
          -0.6533764600753784,
          -0.8675012588500977
        ],
        "ci95_hi": [
          0.11429686844348907,
          1.0226552486419678,
          0.1910429149866104,
          -0.03688117861747742
        ]
      },
      "sigma_d": {
        "mean": [
          0.42238932847976685,
          0.4615914523601532,
          0.4227461814880371,
          0.4070325493812561
        ],
        "ci95_lo": [
          0.2142166793346405,
          0.24956221878528595,
          0.2322656363248825,
          0.21748848259449005
        ],
        "ci95_hi": [
          0.754993200302124,
          0.7926660776138306,
          0.7557293176651001,
          0.7087790369987488
        ]
      },
      "delta_d": {
        "mean": 0.013624959625303745,
        "ci95_lo": -0.4560936689376831,
        "ci95_hi": 0.4890430271625519
      }
    }
  },
  "scenarios": {
    "CORP-2017-UNITED_AIRLINES_PASSENGER_DRAG": {
      "theta_s": {
        "mean": [
          -0.31505727767944336,
          0.22141525149345398,
          0.10014726966619492,
          -0.22847451269626617
        ],
        "ci95_lo": [
          -1.321976661682129,
          -0.5599256753921509,
          -1.0042288303375244,
          -1.1106775999069214
        ],
        "ci95_hi": [
          0.6575647592544556,
          1.075339674949646,
          1.162541389465332,
          0.6618615388870239
        ]
      },
      "delta_s": {
        "mean": -0.8280423283576965,
        "ci95_lo": -1.1891835927963257,
        "ci95_hi": -0.4338909685611725
      }
    },
    "CORP-2022-TWITTER_X_ACQUISITION_BY_ELON": {
      "theta_s": {
        "mean": [
          -0.36425653100013733,
          0.47511306405067444,
          -0.20233158767223358,
          -0.2348329871892929
        ],
        "ci95_lo": [
          -1.284604549407959,
          -0.30147022008895874,
          -1.079038381576538,
          -0.9392103552818298
        ],
        "ci95_hi": [
          0.5503172874450684,
          1.2069783210754395,
          0.6487036347389221,
          0.5085093975067139
        ]
      },
      "delta_s": {
        "mean": -0.19410409033298492,
        "ci95_lo": -0.5627762675285339,
        "ci95_hi": 0.15551209449768066
      }
    },
    "FIN-2022-FTX_CRYPTO_CRISIS_NOVEMBER_202": {
      "theta_s": {
        "mean": [
          -0.2360561043024063,
          0.364359974861145,
          0.03661477938294411,
          -0.44544175267219543
        ],
        "ci95_lo": [
          -1.525844693183899,
          -0.7218136787414551,
          -1.1809242963790894,
          -1.5681593418121338
        ],
        "ci95_hi": [
          1.0365134477615356,
          1.3582087755203247,
          1.334032654762268,
          0.6892868876457214
        ]
      },
      "delta_s": {
        "mean": -0.9929749369621277,
        "ci95_lo": -1.4389243125915527,
        "ci95_hi": -0.5476579666137695
      }
    },
    "FIN-2023-SVB_COLLAPSE_MARCH_2023_BANKI": {
      "theta_s": {
        "mean": [
          -0.4064221680164337,
          0.8534290790557861,
          -0.5006200075149536,
          -0.38169553875923157
        ],
        "ci95_lo": [
          -1.4640377759933472,
          -0.16916975378990173,
          -1.6183687448501587,
          -1.6473362445831299
        ],