{
  "v2.2": {
    "n_test": 5,
    "n_train": 15,
    "test_mae": 11.384501777796638,
    "test_rmse": 16.81010124663734,
    "test_coverage_90": 0.8,
    "test_coverage_50": 0.6,
    "test_crps": 9.248173473759712,
    "train_coverage_90": 0.7333333333333333,
    "per_scenario": [
      {
        "id": "CORP-2021-FACEBOOK_META_REBRAND_OCTOBER",
        "domain": "corporate",
        "group": "test",
        "gt": 26.0,
        "sim_mean": 33.22623147483865,
        "sim_std": 11.850246937003414,
        "error": 7.226231474838649,
        "abs_error": 7.226231474838649,
        "crps": 4.948233275982938,
        "ci90": [
          14.627838695990983,
          53.15478943740849
        ],
        "in_90": true,
        "ci50": [
          24.306575863754883,
          40.32740224968457
        ],
        "in_50": true
      },
      {
        "id": "FIN-2021-AMC_SHORT_SQUEEZE_2021_RETAIL",
        "domain": "financial",
        "group": "test",
        "gt": 62.0,
        "sim_mean": 26.66046845861306,
        "sim_std": 12.263152664621147,
        "error": -35.33953154138694,
        "abs_error": 35.33953154138694,
        "crps": 28.638959092646907,
        "ci90": [
          10.359059887778674,
          48.82976307118842
        ],
        "in_90": false,
        "ci50": [
          17.33661984777053,
          33.618790218569195
        ],
        "in_50": false
      },
      {
        "id": "POL-2017-REFERENDUM_INDIPENDENZA_CATALU",
        "domain": "political",
        "group": "test",
        "gt": 48.0,
        "sim_mean": 51.482427979294386,
        "sim_std": 13.520134101167736,
        "error": 3.4824279792943855,
        "abs_error": 3.4824279792943855,
        "crps": 3.322724628655015,
        "ci90": [
          29.12933163977525,
          72.83903247501026
        ],
        "in_90": true,
        "ci50": [
          41.629909869608525,
          60.668961531488115
        ],
        "in_50": true
      },
      {
        "id": "POL-2020-ELEZIONI_PRESIDENZIALI_USA_202",
        "domain": "political",
        "group": "test",
        "gt": 51.3,
        "sim_mean": 50.365279795957775,
        "sim_std": 13.18345676967555,
        "error": -0.9347202040422218,
        "abs_error": 0.9347202040422218,
        "crps": 2.9369342697679937,
        "ci90": [
          27.69899364867664,
          71.22399876562186
        ],
        "in_90": true,
        "ci50": [
          41.293939447772054,
          59.592070073156684
        ],
        "in_50": true
      },
      {
        "id": "PH-2021-VACCINE_HESITANCY_USA_2021_CO",
        "domain": "public_health",
        "group": "test",
        "gt": 67.0,
        "sim_mean": 76.93959768942099,
        "sim_std": 10.336637267492893,
        "error": 9.939597689420992,
        "abs_error": 9.939597689420992,
        "crps": 6.3940161017457084,
        "ci90": [
          59.08556631048931,
          91.05745819268218
        ],
        "in_90": true,
        "ci50": [
          70.24094518249855,
          84.75565628436534
        ],
        "in_50": false
      }
    ]
  },
  "v2.3": {
    "n_test": 5,
    "n_train": 15,
    "test_mae": 13.6173414576049,
    "test_rmse": 19.96015497144266,
    "test_coverage_90": 0.8,
    "test_coverage_50": 0.4,
    "test_crps": 11.064673063112995,
    "train_coverage_90": 0.8666666666666667,
    "per_scenario": [
      {
        "id": "CORP-2021-FACEBOOK_META_REBRAND_OCTOBER",
        "domain": "corporate",
        "group": "test",
        "gt": 26.0,
        "sim_mean": 27.091480574934085,
        "sim_std": 9.846992670782578,
        "error": 1.091480574934085,
        "abs_error": 1.091480574934085,
        "crps": 2.767903088652038,
        "ci90": [
          12.235876821310487,
          44.09465449331564
        ],
        "in_90": true,
        "ci50": [
          20.207952673395326,
          33.548275496595295
        ],
        "in_50": true
      },
      {
        "id": "FIN-2021-AMC_SHORT_SQUEEZE_2021_RETAIL",
        "domain": "financial",
        "group": "test",
        "gt": 62.0,
        "sim_mean": 20.935251271613165,
        "sim_std": 10.144260339436327,
        "error": -41.06474872838683,
        "abs_error": 41.06474872838683,
        "crps": 35.50684887309855,
        "ci90": [
          8.31897842358841,
          40.831045578481366
        ],
        "in_90": false,
        "ci50": [
          13.353481354463128,
          26.589335696965826
        ],
        "in_50": false
      },
      {
        "id": "POL-2017-REFERENDUM_INDIPENDENZA_CATALU",
        "domain": "political",
        "group": "test",
        "gt": 48.0,
        "sim_mean": 46.22573415535447,
        "sim_std": 12.210146612066344,
        "error": -1.7742658446455266,
        "abs_error": 1.7742658446455266,
        "crps": 2.5373629298579514,
        "ci90": [
          26.352643660685775,
          65.74747049219671
        ],
        "in_90": true,
        "ci50": [
          37.19520147881772,
          54.84682527662085
        ],
        "in_50": true
      },
      {
        "id": "POL-2020-ELEZIONI_PRESIDENZIALI_USA_202",
        "domain": "political",
        "group": "test",
        "gt": 51.3,
        "sim_mean": 37.02818671570913,
        "sim_std": 12.601889181064873,
        "error": -14.271813284290864,
        "abs_error": 14.271813284290864,
        "crps": 8.585864094000083,
        "ci90": [
          18.47538678014615,
          58.51760089542993
        ],
        "in_90": true,
        "ci50": [
          27.834916262925276,
          45.527019391819564
        ],
        "in_50": false
      },
      {
        "id": "PH-2021-VACCINE_HESITANCY_USA_2021_CO",
        "domain": "public_health",
        "group": "test",
        "gt": 67.0,
        "sim_mean": 76.88439885576719,
        "sim_std": 10.166595523390203,
        "error": 9.884398855767188,
        "abs_error": 9.884398855767188,
        "crps": 5.9253863299563525,
        "ci90": [
          57.99199792162261,
          90.87265033459444
        ],
        "in_90": true,
        "ci50": [
          69.72395067838063,
          84.71943008716592
        ],
        "in_50": false
      }
    ]
  }
}