{
  "method": "perturbation_proxy",
  "n_seeds": 10,
  "mean": 48.064140701293944,
  "std": 3.2407878031524198,
  "min": 45.139862060546875,
  "max": 54.76650619506836,
  "range_pp": 9.626644134521484,
  "gt": 51.89,
  "per_seed": [
    45.139862060546875,
    46.19417953491211,
    48.91543960571289,
    46.51551055908203,
    46.77125549316406,
    46.198238372802734,
    54.76650619506836,
    46.17250061035156,
    46.187156677246094,
    53.780757904052734
  ]
}