{
  "global": {
    "mu_global": {
      "mean": [
        -0.3076666295528412,
        0.581238865852356,
        -0.20126278698444366,
        -0.44570687413215637
      ],
      "ci95_lo": [
        -0.6159446835517883,
        0.32186079025268555,
        -0.5124978423118591,
        -0.7618833780288696
      ],
      "ci95_hi": [
        -0.001117439242079854,
        0.8466591238975525,
        0.09886964410543442,
        -0.13786929845809937
      ]
    },
    "sigma_global": {
      "mean": [
        0.22770267724990845,
        0.22969543933868408,
        0.24795977771282196,
        0.24361278116703033
      ],
      "ci95_lo": [
        0.09585196524858475,
        0.09364056587219238,
        0.10290151089429855,
        0.10805438458919525
      ],
      "ci95_hi": [
        0.4497168958187103,
        0.4610784649848938,
        0.515250563621521,
        0.4739750623703003
      ]
    }
  },
  "domains": {
    "corporate": {
      "mu_d": {
        "mean": [
          -0.2819826006889343,
          0.5617623329162598,
          -0.19923098385334015,
          -0.41760683059692383
        ],
        "ci95_lo": [
          -0.7020583748817444,
          0.209015890955925,
          -0.6027758121490479,
          -0.8445979952812195
        ],
        "ci95_hi": [
          0.19008168578147888,
          0.901434063911438,
          0.15973468124866486,
          -0.026052013039588928
        ]
      },
      "sigma_d": {
        "mean": [
          0.41893330216407776,
          0.43415260314941406,
          0.41264986991882324,
          0.4134971797466278
        ],
        "ci95_lo": [
          0.2126597762107849,
          0.22623971104621887,
          0.20341764390468597,
          0.19884410500526428
        ],
        "ci95_hi": [
          0.7436466813087463,
          0.7094860076904297,
          0.7436480522155762,
          0.7496299147605896
        ]
      },
      "delta_d": {
        "mean": -0.20706912875175476,
        "ci95_lo": -0.662392795085907,
        "ci95_hi": 0.27353203296661377
      }
    },
    "financial": {
      "mu_d": {
        "mean": [
          -0.3025910258293152,
          0.49702250957489014,
          -0.17295753955841064,
          -0.41314440965652466
        ],
        "ci95_lo": [
          -0.7255533933639526,
          0.1197599545121193,
          -0.5426856279373169,
          -0.7924736142158508
        ],
        "ci95_hi": [
          0.1102154478430748,
          0.8894965052604675,
          0.2401728630065918,
          -0.03369774669408798
        ]
      },
      "sigma_d": {
        "mean": [
          0.476461261510849,
          0.5086743831634521,
          0.4669339954853058,
          0.4885607957839966
        ],
        "ci95_lo": [
          0.2900371849536896,
          0.3014072775840759,
          0.2719026505947113,
          0.31361809372901917
        ],
        "ci95_hi": [
          0.7342638969421387,
          0.7852577567100525,
          0.7251125574111938,
          0.7128596305847168
        ]
      },
      "delta_d": {
        "mean": -0.43453577160835266,
        "ci95_lo": -0.8371202945709229,
        "ci95_hi": -0.024907110258936882
      }
    },
    "political": {
      "mu_d": {
        "mean": [
          -0.3162984848022461,
          0.5370608568191528,
          -0.18389561772346497,
          -0.42959967255592346
        ],
        "ci95_lo": [
          -0.6828694343566895,
          0.15587344765663147,
          -0.5947008728981018,
          -0.8022447824478149
        ],
        "ci95_hi": [
          0.08586347848176956,
          0.8930411338806152,
          0.22447742521762848,
          -0.05734958499670029
        ]
      },
      "sigma_d": {
        "mean": [
          0.49859628081321716,
          0.5064573884010315,
          0.48107466101646423,
          0.5172247886657715
        ],
        "ci95_lo": [
          0.32545486092567444,
          0.33113759756088257,
          0.30963677167892456,
          0.3398573100566864
        ],
        "ci95_hi": [
          0.730186939239502,
          0.7299684286117554,
          0.6974493265151978,
          0.7507239580154419
        ]
      },
      "delta_d": {
        "mean": 0.040868595242500305,
        "ci95_lo": -0.2857944667339325,
        "ci95_hi": 0.34451285004615784
      }
    },
    "public_health": {
      "mu_d": {
        "mean": [
          -0.3102901577949524,
          0.5478618741035461,
          -0.1964476853609085,
          -0.41218844056129456
        ],
        "ci95_lo": [
          -0.7377867698669434,
          0.13900162279605865,
          -0.627005934715271,
          -0.8432693481445312
        ],
        "ci95_hi": [
          0.1225394681096077,
          0.973020076751709,
          0.20208759605884552,
          -0.015698039904236794
        ]
      },
      "sigma_d": {
        "mean": [
          0.4230121970176697,
          0.4606875777244568,
          0.4244846999645233,
          0.4068168103694916
        ],
        "ci95_lo": [
          0.2151850014925003,
          0.2512246072292328,
          0.2342739701271057,
          0.21820226311683655
        ],
        "ci95_hi": [
          0.753925621509552,
          0.7890323400497437,
          0.7568314671516418,
          0.7100705504417419
        ]
      },
      "delta_d": {
        "mean": 0.0017147606704384089,
        "ci95_lo": -0.4846634566783905,
        "ci95_hi": 0.49056610465049744
      }
    }
  },
  "scenarios": {
    "CORP-2017-UNITED_AIRLINES_PASSENGER_DRAG": {
      "theta_s": {
        "mean": [
          -0.27447113394737244,
          0.2352379560470581,
          -0.15958693623542786,
          -0.04620657488703728
        ],
        "ci95_lo": [
          -1.3313612937927246,
          -0.5721630454063416,
          -1.2937792539596558,
          -0.9702770113945007
        ],
        "ci95_hi": [
          0.7259796857833862,
          1.1018341779708862,
          0.9407337307929993,
          0.8664936423301697
        ]
      },
      "delta_s": {
        "mean": -0.9525572061538696,
        "ci95_lo": -1.3164740800857544,
        "ci95_hi": -0.5677560567855835
      }
    },
    "CORP-2022-TWITTER_X_ACQUISITION_BY_ELON": {
      "theta_s": {
        "mean": [
          -0.3290529251098633,
          0.4649485945701599,
          -0.32875943183898926,
          -0.1519010365009308
        ],
        "ci95_lo": [
          -1.2539467811584473,
          -0.2800441086292267,
          -1.2082979679107666,
          -0.8687648177146912
        ],
        "ci95_hi": [
          0.568438708782196,
          1.1831961870193481,
          0.5199772715568542,
          0.5710732936859131
        ]
      },
      "delta_s": {
        "mean": -0.256051629781723,
        "ci95_lo": -0.6207375526428223,
        "ci95_hi": 0.09733110666275024
      }
    },
    "FIN-2022-FTX_CRYPTO_CRISIS_NOVEMBER_202": {
      "theta_s": {
        "mean": [
          -0.10227054357528687,
          0.36958932876586914,
          -0.08829689770936966,
          -0.46837499737739563
        ],
        "ci95_lo": [
          -1.3764708042144775,
          -0.7187228202819824,
          -1.275124430656433,
          -1.6108900308609009
        ],
        "ci95_hi": [
          1.1510837078094482,
          1.4083001613616943,
          1.2352758646011353,
          0.6245945692062378
        ]
      },
      "delta_s": {
        "mean": -1.0790799856185913,
        "ci95_lo": -1.5430265665054321,
        "ci95_hi": -0.6214466094970703
      }
    },
    "FIN-2023-SVB_COLLAPSE_MARCH_2023_BANKI": {
      "theta_s": {
        "mean": [
          -0.41485047340393066,
          0.8671702742576599,
          -0.4484004080295563,
          -0.4512593150138855
        ],
        "ci95_lo": [
          -1.4510232210159302,
          -0.09508790075778961,
          -1.528390645980835,
          -1.6959425210952759
        ],