{
  "test": "fix_alpha_direct",
  "fixed_value": 0.0,
  "sobol_S1_alpha_direct": 0.054,
  "sobol_ST_alpha_direct": 0.19,
  "models": {
    "FREE": {
      "alpha": {
        "direct": -0.5370935505866009,
        "social": -1.9740810260220096,
        "event": -2.5682882587270512,
        "herd": -2.8903717578961645,
        "anchor": -1.9348603128687283
      },
      "pi": {
        "direct": 0.5844444444444444,
        "social": 0.1388888888888889,
        "event": 0.07666666666666666,
        "herd": 0.05555555555555555,
        "anchor": 0.14444444444444443
      }
    },
    "FIXED_SHIFT": {
      "alpha": {
        "direct": 0.0,
        "social": -1.4369874754354086,
        "event": -2.0311947081404504,
        "herd": -2.3532782073095637,
        "anchor": -1.3977667622821275
      },
      "pi": {
        "direct": 0.5844444444444444,
        "social": 0.1388888888888889,
        "event": 0.07666666666666666,
        "herd": 0.05555555555555555,
        "anchor": 0.14444444444444443
      }
    },
    "FIXED_PERT": {
      "alpha": {
        "direct": 0.0,
        "social": -1.9740810260220096,
        "event": -2.5682882587270512,
        "herd": -2.8903717578961645,
        "anchor": -1.9348603128687283
      },
      "pi": {
        "direct": 0.7064364207221351,
        "social": 0.09811616954474099,
        "event": 0.054160125588697025,
        "herd": 0.0392464678178964,
        "anchor": 0.10204081632653063
      }
    }
  },
  "distributions": {
    "30": {
      "FREE": {
        "mean": 52.86486323382875,
        "std": 4.576065866958652,
        "ci95": 1.268420744627642
      },
      "FIXED-SHIFT": {
        "mean": 52.86486323382875,
        "std": 4.576065866958652,
        "ci95": 1.268420744627642
      },
      "FIXED-PERT": {
        "mean": 56.69525634008392,
        "std": 3.5492199876161634,
        "ci95": 0.9837935882971595
      }
    },
    "100": {
      "FREE": {
        "mean": 53.84760624026171,
        "std": 4.058293080639672,
        "ci95": 1.1249014504862005
      },
      "FIXED-SHIFT": {
        "mean": 53.84760624026171,
        "std": 4.058293080639672,
        "ci95": 1.1249014504862005
      },
      "FIXED-PERT": {
        "mean": 57.11206060207373,
        "std": 3.4820638282537204,
        "ci95": 0.9651788506291773
      }
    },
    "300": {
      "FREE": {
        "mean": 54.0021462845749,
        "std": 4.067466957404045,
        "ci95": 1.127444319390385
      },
      "FIXED-SHIFT": {
        "mean": 54.0021462845749,
        "std": 4.067466957404045,
        "ci95": 1.127444319390385
      },
      "FIXED-PERT": {
        "mean": 57.200063742519106,
        "std": 4.1211559848685955,
        "ci95": 1.1423261585454185
      }
    },
    "1000": {
      "FREE": {
        "mean": 54.726833076515796,
        "std": 2.901292895663932,
        "ci95": 0.8041973612470698
      },
      "FIXED-SHIFT": {
        "mean": 54.726833076515796,
        "std": 2.901292895663932,
        "ci95": 0.8041973612470698
      },
      "FIXED-PERT": {
        "mean": 57.982167709238844,
        "std": 2.9596542605932536,
        "ci95": 0.8203743062721935
      }
    }
  },
  "param_drift_fixed_pert": {
    "alpha_social": {
      "baseline": -1.9740810260220096,
      "optimal": -1.5740810260220095,
      "shift": 0.40000000000000013
    },
    "alpha_event": {
      "baseline": -2.5682882587270512,
      "optimal": -2.1682882587270513,
      "shift": 0.3999999999999999
    },
    "alpha_herd": {
      "baseline": -2.8903717578961645,
      "optimal": -2.4903717578961646,
      "shift": 0.3999999999999999
    },
    "alpha_anchor": {
      "baseline": -1.9348603128687283,
      "optimal": -1.5348603128687284,
      "shift": 0.3999999999999999
    }
  },
  "conclusion": "gauge_fixed",
  "method": "softmax_shift_invariance",
  "reference": "Agresti (2002) Categorical Data Analysis \u00a77.1",
  "effective_free_logits": 4,
  "interpretation": "\u03b1_k is log-odds of force k relative to LLM direct shift"
}